{
  "train": {
    "rows": 501090,
    "positive": 103489,
    "negative": 397601,
    "positive_fraction": 0.2065277694625716,
    "negative_fraction": 0.7934722305374284
  },
  "valid": {
    "rows": 187591,
    "positive": 38213,
    "negative": 149378,
    "positive_fraction": 0.2037038024212249,
    "negative_fraction": 0.7962961975787751
  },
  "test": {
    "rows": 187109,
    "positive": 36299,
    "negative": 150810,
    "positive_fraction": 0.19399921970616057,
    "negative_fraction": 0.8060007802938394
  }
}