{
  "train": {
    "rows": 300682,
    "positive": 62244,
    "negative": 238438,
    "positive_fraction": 0.20700939863377255,
    "negative_fraction": 0.7929906013662275
  },
  "valid": {
    "rows": 187591,
    "positive": 38213,
    "negative": 149378,
    "positive_fraction": 0.2037038024212249,
    "negative_fraction": 0.7962961975787751
  },
  "test": {
    "rows": 187109,
    "positive": 36299,
    "negative": 150810,
    "positive_fraction": 0.19399921970616057,
    "negative_fraction": 0.8060007802938394
  }
}