{
  "total_rows": 1924396,
  "positive": 394461,
  "negative": 1529935,
  "positive_fraction": 0.2049791207215147,
  "negative_fraction": 0.7950208792784853,
  "feature_mode": "numeric_columns"
}