{
  "total_rows": 1924396,
  "positive": 384955,
  "negative": 1539441,
  "positive_fraction": 0.20003938898230925,
  "negative_fraction": 0.7999606110176908,
  "feature_mode": "numeric_columns",
  "q80": 2.7921802195720797
}