{
  "best_model": "logistic_regression",
  "metrics": {
    "PR_AUC": 0.9215627784980353,
    "ROC_AUC": 0.9767134356300088,
    "precision": 0.8369417192407104,
    "recall": 0.8296096311193146,
    "f1": 0.8332595462091865,
    "balanced_accuracy": 0.8953531876835218,
    "MCC": 0.7933568186563384,
    "TP": 30114,
    "FP": 5867,
    "TN": 144943,
    "FN": 6185,
    "applied_threshold": 0.45575925090916236
  }
}