{
  "logistic_regression": {
    "PR_AUC": 0.9247164440918227,
    "ROC_AUC": 0.9760770158298088,
    "precision": 0.8582302305627059,
    "recall": 0.8114254311360009,
    "f1": 0.8341718005972398,
    "balanced_accuracy": 0.8885682900167144,
    "MCC": 0.7937183575703245,
    "fit_time_s": 7.38,
    "opt_threshold_policy": "mcc",
    "opt_threshold": 0.45575925090916236,
    "opt_precision": 0.8435714095850722,
    "opt_recall": 0.8305027085023421,
    "opt_f1": 0.8369860484742991,
    "opt_balanced_accuracy": 0.8955530050966771,
    "opt_MCC": 0.7957308723882124
  },
  "random_forest": {
    "PR_AUC": 0.7655227582427508,
    "ROC_AUC": 0.9124589532105056,
    "precision": 0.9647216633132126,
    "recall": 0.1882082013974302,
    "f1": 0.31496890601734256,
    "balanced_accuracy": 0.5932237836506893,
    "MCC": 0.384398361040539,
    "fit_time_s": 22.85,
    "opt_threshold_policy": "mcc",
    "opt_threshold": 0.30058184335870675,
    "opt_precision": 0.7145349536758513,
    "opt_recall": 0.6216209143485202,
    "opt_f1": 0.6648473907384861,
    "opt_balanced_accuracy": 0.7790454047569028,
    "opt_MCC": 0.5886376341467507
  },
  "logistic_regression_weighted": {
    "PR_AUC": 0.9224706556330851,
    "ROC_AUC": 0.9760782983748684,
    "precision": 0.7272558446650021,
    "recall": 0.9223300970873787,
    "f1": 0.8132585721537681,
    "balanced_accuracy": 0.9169215856508939,
    "MCC": 0.767221642758266,
    "fit_time_s": 5.99,
    "opt_threshold_policy": "mcc",
    "opt_threshold": 0.7532416264109856,
    "opt_precision": 0.8355640535372849,
    "opt_recall": 0.834820610786905,
    "opt_f1": 0.8351921667190282,
    "opt_balanced_accuracy": 0.8963965014865853,
    "opt_MCC": 0.7930556833561584
  },
  "logistic_regression_undersampled": {
    "PR_AUC": 0.919308045386753,
    "ROC_AUC": 0.975071431654547,
    "precision": 0.721019839317921,
    "recall": 0.9206291052783084,
    "f1": 0.808689155795644,
    "balanced_accuracy": 0.9147522877808751,
    "MCC": 0.7615531074328562,
    "fit_time_s": 6.99,
    "opt_threshold_policy": "mcc",
    "opt_threshold": 0.770600617533922,
    "opt_precision": 0.8340501886692878,
    "opt_recall": 0.8271530630937116,
    "opt_f1": 0.8305873078439102,
    "opt_balanced_accuracy": 0.8925259082957746,
    "opt_MCC": 0.7874855577283463
  },
  "logistic_regression_oversampled": {
    "PR_AUC": 0.9218484662232693,
    "ROC_AUC": 0.9758752424634266,
    "precision": 0.7285389072847682,
    "recall": 0.9212309946876718,
    "f1": 0.8136317936509772,
    "balanced_accuracy": 0.9167101029751872,
    "MCC": 0.767571963377596,
    "fit_time_s": 7.18,
    "opt_threshold_policy": "mcc",
    "opt_threshold": 0.7600003538382414,
    "opt_precision": 0.8389633080955154,
    "opt_recall": 0.8293250987883705,
    "opt_f1": 0.8341163620092912,
    "opt_balanced_accuracy": 0.8943014520438392,
    "opt_MCC": 0.792009194331678
  },
  "random_forest_weighted": {
    "PR_AUC": 0.7492568037023337,
    "ROC_AUC": 0.9085918507110738,
    "precision": 0.5481166312101113,
    "recall": 0.8023447517860414,
    "f1": 0.6513011152416357,
    "balanced_accuracy": 0.816564870102342,
    "MCC": 0.557410296763319,
    "fit_time_s": 22.07,
    "opt_threshold_policy": "mcc",
    "opt_threshold": 0.5745094855774318,
    "opt_precision": 0.6735308751174747,
    "opt_recall": 0.63766257556329,
    "opt_f1": 0.6551061284295143,
    "opt_balanced_accuracy": 0.7792973537351321,
    "opt_MCC": 0.5702192106116464
  },
  "random_forest_undersampled": {
    "PR_AUC": 0.7424538253342043,
    "ROC_AUC": 0.9060298918868613,
    "precision": 0.5409763366090751,
    "recall": 0.7980791877109884,
    "f1": 0.644845486166175,
    "balanced_accuracy": 0.8124237601985969,
    "MCC": 0.5488939707865946,
    "fit_time_s": 11.83,
    "opt_threshold_policy": "mcc",
    "opt_threshold": 0.5959554939177213,
    "opt_precision": 0.7018780071395313,
    "opt_recall": 0.5917096276136393,
    "opt_f1": 0.6421025728403477,
    "opt_balanced_accuracy": 0.7637081790948808,
    "opt_MCC": 0.5632243814837707
  },
  "random_forest_oversampled": {
    "PR_AUC": 0.7471307278999659,
    "ROC_AUC": 0.907641825385723,
    "precision": 0.5460521627592104,
    "recall": 0.8021092298432471,
    "f1": 0.6497641634426838,
    "balanced_accuracy": 0.8157642776564304,
    "MCC": 0.555445508689791,
    "fit_time_s": 28.71,
    "opt_threshold_policy": "mcc",
    "opt_threshold": 0.5781636663736214,
    "opt_precision": 0.672476195779275,
    "opt_recall": 0.6320885562504907,
    "opt_f1": 0.6516572014406928,
    "opt_balanced_accuracy": 0.7766676630949196,
    "opt_MCC": 0.5664049932516293
  }
}