{
  "best_model": "logistic_regression",
  "metrics": {
    "PR_AUC": 0.9230462591237937,
    "ROC_AUC": 0.977138909451667,
    "precision": 0.8436524234155672,
    "recall": 0.8262211080195047,
    "f1": 0.8348457855472664,
    "balanced_accuracy": 0.8946833940071,
    "MCC": 0.795674166221368,
    "TP": 29991,
    "FP": 5558,
    "TN": 145252,
    "FN": 6308,
    "applied_threshold": 0.4681962101067738
  }
}