model,PR_AUC,ROC_AUC,precision,recall,f1,balanced_accuracy,MCC,TP,FP,TN,FN,applied_threshold
logistic_regression,0.9230462591237937,0.977138909451667,0.8436524234155672,0.8262211080195047,0.8348457855472664,0.8946833940071,0.795674166221368,29991,5558,145252,6308,0.4681962101067738
