{
  "best_model": "logistic_regression",
  "metrics": {
    "PR_AUC": 0.9265202588616093,
    "ROC_AUC": 0.9773070452074635,
    "precision": 0.8588913282107574,
    "recall": 0.8164340680839963,
    "f1": 0.8371247074557003,
    "balanced_accuracy": 0.8915238548062094,
    "MCC": 0.7982543568248232,
    "TP": 31298,
    "FP": 5142,
    "TN": 148873,
    "FN": 7037
  }
}