{
  "logistic_regression": {
    "PR_AUC": 0.9256670758185347,
    "ROC_AUC": 0.9764309383522523,
    "precision": 0.8596496091367745,
    "recall": 0.8115301075550205,
    "f1": 0.8348970883196252,
    "balanced_accuracy": 0.8888181137997357,
    "MCC": 0.7946896197399437,
    "fit_time_s": 7.44,
    "opt_threshold_policy": "mcc",
    "opt_threshold": 0.4681962101067738,
    "opt_precision": 0.8488284406140587,
    "opt_recall": 0.8247716745610133,
    "opt_f1": 0.8366271584619672,
    "opt_balanced_accuracy": 0.8935979300920318,
    "opt_MCC": 0.7957144453857895
  },
  "random_forest": {
    "PR_AUC": 0.7644660758031476,
    "ROC_AUC": 0.9090836852810004,
    "precision": 0.9678391959798995,
    "recall": 0.1764059351529584,
    "f1": 0.29841958475364116,
    "balanced_accuracy": 0.5874531918397576,
    "MCC": 0.37256654575506737,
    "fit_time_s": 37.63,
    "opt_threshold_policy": "mcc",
    "opt_threshold": 0.3168764196398154,
    "opt_precision": 0.7481301731875145,
    "opt_recall": 0.5889618716143721,
    "opt_f1": 0.6590722736324236,
    "opt_balanced_accuracy": 0.7691191020699557,
    "opt_MCC": 0.5907606066287655
  },
  "logistic_regression_weighted": {
    "PR_AUC": 0.9235278470051952,
    "ROC_AUC": 0.9764596194654226,
    "precision": 0.7271718126875797,
    "recall": 0.9257059116007641,
    "f1": 0.8145154791098217,
    "balanced_accuracy": 0.918428743399627,
    "MCC": 0.7690513943610796,
    "fit_time_s": 6.37,
    "opt_threshold_policy": "mcc",
    "opt_threshold": 0.7717660679610858,
    "opt_precision": 0.8448030883890513,
    "opt_recall": 0.8246408290372387,
    "opt_f1": 0.8346002065842096,
    "opt_balanced_accuracy": 0.8929433978227204,
    "opt_MCC": 0.7930190124757341
  },
  "logistic_regression_undersampled": {
    "PR_AUC": 0.9216503339465293,
    "ROC_AUC": 0.9758741836323462,
    "precision": 0.7222142754970676,
    "recall": 0.9248946693533614,
    "f1": 0.8110843373493976,
    "balanced_accuracy": 0.9169453196543882,
    "MCC": 0.7648444393685616,
    "fit_time_s": 6.94,
    "opt_threshold_policy": "mcc",
    "opt_threshold": 0.7539517913747589,
    "opt_precision": 0.8304113283884019,
    "opt_recall": 0.8379085651479863,
    "opt_f1": 0.8341431009105,
    "opt_balanced_accuracy": 0.897066856045321,
    "opt_MCC": 0.7914874788381121
  },
  "logistic_regression_oversampled": {
    "PR_AUC": 0.9228932750315361,
    "ROC_AUC": 0.9762524450794822,
    "precision": 0.7287020034250108,
    "recall": 0.9242404417344883,
    "f1": 0.8149053991693586,
    "balanced_accuracy": 0.9181077156790638,
    "MCC": 0.7693836763550788,
    "fit_time_s": 7.63,
    "opt_threshold_policy": "mcc",
    "opt_threshold": 0.7639622084957816,
    "opt_precision": 0.8399193227355962,
    "opt_recall": 0.8282259963886636,
    "opt_f1": 0.8340316757582945,
    "opt_balanced_accuracy": 0.8939226087126142,
    "opt_MCC": 0.7919782930376754
  },
  "random_forest_weighted": {
    "PR_AUC": 0.7481908236308814,
    "ROC_AUC": 0.908044918383792,
    "precision": 0.5460887873813433,
    "recall": 0.8009054510245205,
    "f1": 0.6493947399132161,
    "balanced_accuracy": 0.8153029711977026,
    "MCC": 0.5548836266880448,
    "fit_time_s": 35.85,
    "opt_threshold_policy": "mcc",
    "opt_threshold": 0.5722575365819182,
    "opt_precision": 0.6691391816066785,
    "opt_recall": 0.6397561039436841,
    "opt_f1": 0.6541178359287205,
    "opt_balanced_accuracy": 0.7794169398937583,
    "opt_MCC": 0.5683397986904746
  },
  "random_forest_undersampled": {
    "PR_AUC": 0.7467070332045281,
    "ROC_AUC": 0.9066928907755123,
    "precision": 0.5416533333333333,
    "recall": 0.7973202836730956,
    "f1": 0.6450779670347121,
    "balanced_accuracy": 0.8123622934251351,
    "MCC": 0.5491311285268828,
    "fit_time_s": 16.38,
    "opt_threshold_policy": "mcc",
    "opt_threshold": 0.603358001284478,
    "opt_precision": 0.7139920339200823,
    "opt_recall": 0.5816868604925025,
    "opt_f1": 0.6410844329079242,
    "opt_balanced_accuracy": 0.7610398447115674,
    "opt_MCC": 0.5651736420601525
  },
  "random_forest_oversampled": {
    "PR_AUC": 0.7515074227856745,
    "ROC_AUC": 0.9099103536321078,
    "precision": 0.5456111970741314,
    "recall": 0.8120273205453642,
    "f1": 0.652679181784719,
    "balanced_accuracy": 0.8195149790746477,
    "MCC": 0.5599528984418166,
    "fit_time_s": 44.19,
    "opt_threshold_policy": "mcc",
    "opt_threshold": 0.5730356269090081,
    "opt_precision": 0.6668182426106727,
    "opt_recall": 0.6523696124355586,
    "opt_f1": 0.6595148019788882,
    "opt_balanced_accuracy": 0.7844919197150815,
    "opt_MCC": 0.5736625326242965
  }
}