{
  "logistic_regression": {
    "PR_AUC": 0.925991296105591,
    "ROC_AUC": 0.9769996730658891,
    "precision": 0.8590419687980664,
    "recall": 0.8131451004861815,
    "f1": 0.8354636641690375,
    "balanced_accuracy": 0.8898682348531173,
    "MCC": 0.7961324505333338,
    "fit_time_s": 8.66
  },
  "random_forest": {
    "PR_AUC": 0.7790210082272593,
    "ROC_AUC": 0.9188842643161531,
    "precision": 0.9544978470848365,
    "recall": 0.21324389673192418,
    "f1": 0.3486059163549813,
    "balanced_accuracy": 0.6053492696213246,
    "MCC": 0.40787469823275235,
    "fit_time_s": 24.65
  },
  "logistic_regression_weighted": {
    "PR_AUC": 0.9233278533683051,
    "ROC_AUC": 0.9769407640534307,
    "precision": 0.7269365909462331,
    "recall": 0.9251748433559525,
    "f1": 0.8141623291197163,
    "balanced_accuracy": 0.9190787342621975,
    "MCC": 0.7696968856800116,
    "fit_time_s": 6.15
  },
  "logistic_regression_undersampled": {
    "PR_AUC": 0.9207702448423752,
    "ROC_AUC": 0.9761165765173819,
    "precision": 0.7224454999391061,
    "recall": 0.9253568364402153,
    "f1": 0.8114078582908731,
    "balanced_accuracy": 0.9181704664191532,
    "MCC": 0.7664184569569278,
    "fit_time_s": 7.69
  },
  "logistic_regression_oversampled": {
    "PR_AUC": 0.9229171052115457,
    "ROC_AUC": 0.9767813147408889,
    "precision": 0.7290842370692306,
    "recall": 0.924628864103164,
    "f1": 0.8152953852502235,
    "balanced_accuracy": 0.9193004944291152,
    "MCC": 0.771002768512281,
    "fit_time_s": 7.77
  }
}