model,PR_AUC,ROC_AUC,precision,recall,f1,balanced_accuracy,MCC,TP,FP,TN,FN,applied_threshold
logistic_regression,0.9215627784980353,0.9767134356300088,0.8369417192407104,0.8296096311193146,0.8332595462091865,0.8953531876835218,0.7933568186563384,30114,5867,144943,6185,0.45575925090916236
