model,PR_AUC,ROC_AUC,precision,recall,f1,balanced_accuracy,MCC,fit_time_s,opt_threshold_policy,opt_threshold,opt_precision,opt_recall,opt_f1,opt_balanced_accuracy,opt_MCC
logistic_regression,0.9247164440918227,0.9760770158298088,0.8582302305627059,0.8114254311360009,0.8341718005972398,0.8885682900167144,0.7937183575703245,7.38,mcc,0.45575925090916236,0.8435714095850722,0.8305027085023421,0.8369860484742991,0.8955530050966771,0.7957308723882124
random_forest,0.7655227582427508,0.9124589532105056,0.9647216633132126,0.1882082013974302,0.31496890601734256,0.5932237836506893,0.384398361040539,22.85,mcc,0.30058184335870675,0.7145349536758513,0.6216209143485202,0.6648473907384861,0.7790454047569028,0.5886376341467507
logistic_regression_weighted,0.9224706556330851,0.9760782983748684,0.7272558446650021,0.9223300970873787,0.8132585721537681,0.9169215856508939,0.767221642758266,5.99,mcc,0.7532416264109856,0.8355640535372849,0.834820610786905,0.8351921667190282,0.8963965014865853,0.7930556833561584
logistic_regression_undersampled,0.919308045386753,0.975071431654547,0.721019839317921,0.9206291052783084,0.808689155795644,0.9147522877808751,0.7615531074328562,6.99,mcc,0.770600617533922,0.8340501886692878,0.8271530630937116,0.8305873078439102,0.8925259082957746,0.7874855577283463
logistic_regression_oversampled,0.9218484662232693,0.9758752424634266,0.7285389072847682,0.9212309946876718,0.8136317936509772,0.9167101029751872,0.767571963377596,7.18,mcc,0.7600003538382414,0.8389633080955154,0.8293250987883705,0.8341163620092912,0.8943014520438392,0.792009194331678
random_forest_weighted,0.7492568037023337,0.9085918507110738,0.5481166312101113,0.8023447517860414,0.6513011152416357,0.816564870102342,0.557410296763319,22.07,mcc,0.5745094855774318,0.6735308751174747,0.63766257556329,0.6551061284295143,0.7792973537351321,0.5702192106116464
random_forest_undersampled,0.7424538253342043,0.9060298918868613,0.5409763366090751,0.7980791877109884,0.644845486166175,0.8124237601985969,0.5488939707865946,11.83,mcc,0.5959554939177213,0.7018780071395313,0.5917096276136393,0.6421025728403477,0.7637081790948808,0.5632243814837707
random_forest_oversampled,0.7471307278999659,0.907641825385723,0.5460521627592104,0.8021092298432471,0.6497641634426838,0.8157642776564304,0.555445508689791,28.71,mcc,0.5781636663736214,0.672476195779275,0.6320885562504907,0.6516572014406928,0.7766676630949196,0.5664049932516293
