model,PR_AUC,ROC_AUC,precision,recall,f1,balanced_accuracy,MCC,fit_time_s,opt_threshold_policy,opt_threshold,opt_precision,opt_recall,opt_f1,opt_balanced_accuracy,opt_MCC
logistic_regression,0.9256670758185347,0.9764309383522523,0.8596496091367745,0.8115301075550205,0.8348970883196252,0.8888181137997357,0.7946896197399437,7.44,mcc,0.4681962101067738,0.8488284406140587,0.8247716745610133,0.8366271584619672,0.8935979300920318,0.7957144453857895
random_forest,0.7644660758031476,0.9090836852810004,0.9678391959798995,0.1764059351529584,0.29841958475364116,0.5874531918397576,0.37256654575506737,37.63,mcc,0.3168764196398154,0.7481301731875145,0.5889618716143721,0.6590722736324236,0.7691191020699557,0.5907606066287655
logistic_regression_weighted,0.9235278470051952,0.9764596194654226,0.7271718126875797,0.9257059116007641,0.8145154791098217,0.918428743399627,0.7690513943610796,6.37,mcc,0.7717660679610858,0.8448030883890513,0.8246408290372387,0.8346002065842096,0.8929433978227204,0.7930190124757341
logistic_regression_undersampled,0.9216503339465293,0.9758741836323462,0.7222142754970676,0.9248946693533614,0.8110843373493976,0.9169453196543882,0.7648444393685616,6.94,mcc,0.7539517913747589,0.8304113283884019,0.8379085651479863,0.8341431009105,0.897066856045321,0.7914874788381121
logistic_regression_oversampled,0.9228932750315361,0.9762524450794822,0.7287020034250108,0.9242404417344883,0.8149053991693586,0.9181077156790638,0.7693836763550788,7.63,mcc,0.7639622084957816,0.8399193227355962,0.8282259963886636,0.8340316757582945,0.8939226087126142,0.7919782930376754
random_forest_weighted,0.7481908236308814,0.908044918383792,0.5460887873813433,0.8009054510245205,0.6493947399132161,0.8153029711977026,0.5548836266880448,35.85,mcc,0.5722575365819182,0.6691391816066785,0.6397561039436841,0.6541178359287205,0.7794169398937583,0.5683397986904746
random_forest_undersampled,0.7467070332045281,0.9066928907755123,0.5416533333333333,0.7973202836730956,0.6450779670347121,0.8123622934251351,0.5491311285268828,16.38,mcc,0.603358001284478,0.7139920339200823,0.5816868604925025,0.6410844329079242,0.7610398447115674,0.5651736420601525
random_forest_oversampled,0.7515074227856745,0.9099103536321078,0.5456111970741314,0.8120273205453642,0.652679181784719,0.8195149790746477,0.5599528984418166,44.19,mcc,0.5730356269090081,0.6668182426106727,0.6523696124355586,0.6595148019788882,0.7844919197150815,0.5736625326242965
