model,PR_AUC,ROC_AUC,precision,recall,f1,balanced_accuracy,MCC,fit_time_s
logistic_regression,0.925991296105591,0.9769996730658891,0.8590419687980664,0.8131451004861815,0.8354636641690375,0.8898682348531173,0.7961324505333338,8.66
random_forest,0.7790210082272593,0.9188842643161531,0.9544978470848365,0.21324389673192418,0.3486059163549813,0.6053492696213246,0.40787469823275235,24.65
logistic_regression_weighted,0.9233278533683051,0.9769407640534307,0.7269365909462331,0.9251748433559525,0.8141623291197163,0.9190787342621975,0.7696968856800116,6.15
logistic_regression_undersampled,0.9207702448423752,0.9761165765173819,0.7224454999391061,0.9253568364402153,0.8114078582908731,0.9181704664191532,0.7664184569569278,7.69
logistic_regression_oversampled,0.9229171052115457,0.9767813147408889,0.7290842370692306,0.924628864103164,0.8152953852502235,0.9193004944291152,0.771002768512281,7.77
