model,PR_AUC,ROC_AUC,precision,recall,f1,balanced_accuracy,MCC,TP,FP,TN,FN
logistic_regression,0.9265202588616093,0.9773070452074635,0.8588913282107574,0.8164340680839963,0.8371247074557003,0.8915238548062094,0.7982543568248232,31298,5142,148873,7037
